file,h_m,h_over_b,alpha_deg,CL_single_wing,single_wing_factor,CL_reference,CL_two_wings,CL_ratio_two_wings_over_main_wing,CL_ratio_signed_distance_to_1,CL_ratio_absolute_distance_to_1,CL_ratio_absolute_distance_to_1_percent,ratio_reference_over_two_wings,signed_distance_to_1,absolute_distance_to_1,absolute_distance_to_1_percent,CDi_single_wing,CDi_reference,CDi_two_wings,CL_over_CDi_single_wing,CL_over_CDi_two_wings,CL_over_CDi_ratio_two_wings_over_main_wing,CDi_ratio_reference_over_two_wings,CDi_signed_distance_to_1,CDi_absolute_distance_to_1,CDi_absolute_distance_to_1_percent
Volde h = 0_T1-55_6 m_s-VLM1-0_0kg-x0_0m.txt,0.0,0.0,0.0,0.422227,1.0,0.422227,0.378537,0.8965248551134816,-0.10347514488651843,0.10347514488651843,10.347514488651843,1.1154180436786894,0.11541804367868935,0.11541804367868935,11.541804367868934,0.00323,0.00323,0.005083,130.72043343653252,74.47117843793036,0.5696980684667609,0.6354515050167224,-0.36454849498327757,0.36454849498327757,36.45484949832776
Volde h = 0_5_T1-55_6 m_s-VLM1-0_0kg-x0_0m.txt,0.5,0.038461538461538464,0.0,0.422227,1.0,0.422227,0.387304,0.9172885675241043,-0.08271143247589574,0.08271143247589574,8.271143247589574,1.0901694792720964,0.0901694792720964,0.0901694792720964,9.016947927209639,0.00323,0.00323,0.004855,130.72043343653252,79.77425334706489,0.6102661324619685,0.6652935118434603,-0.3347064881565397,0.3347064881565397,33.470648815653966
Volde h = 0_75_T1-55_6 m_s-VLM1-0_0kg-x0_0m.txt,0.75,0.057692307692307696,0.0,0.422227,1.0,0.422227,0.389992,0.923654811274504,-0.076345188725496,0.076345188725496,7.6345188725496005,1.0826555416521364,0.0826555416521364,0.0826555416521364,8.26555416521364,0.00323,0.00323,0.00476,130.72043343653252,81.93109243697478,0.6267657647934133,0.6785714285714285,-0.3214285714285715,0.3214285714285715,32.14285714285715
Volde h = 1_T1-55_6 m_s-VLM1-0_0kg-x0_0m.txt,1.0,0.07692307692307693,0.0,0.422227,1.0,0.422227,0.392251,0.9290050138906323,-0.07099498610936772,0.07099498610936772,7.099498610936772,1.0764204552697125,0.07642045526971253,0.07642045526971253,7.642045526971253,0.00323,0.00323,0.004677,130.72043343653252,83.86807782766732,0.6415835353574391,0.6906136412230062,-0.30938635877699383,0.30938635877699383,30.938635877699383
Volde h = 1_4_T1-55_6 m_s-VLM1-0_0kg-x0_0m.txt,1.4,0.10769230769230768,0.0,0.422227,1.0,0.422227,0.395294,0.9362120376006271,-0.0637879623993729,0.0637879623993729,6.37879623993729,1.0681340976589577,0.06813409765895773,0.06813409765895773,6.813409765895773,0.00323,0.00323,0.004561,130.72043343653252,86.66827450120587,0.6630047975115162,0.7081780311335233,-0.2918219688664767,0.2918219688664767,29.18219688664767
Volde h = 1_8_T1-55_6 m_s-VLM1-0_0kg-x0_0m.txt,1.8,0.13846153846153847,0.0,0.422227,1.0,0.422227,0.397848,0.9422609165212077,-0.05773908347879231,0.05773908347879231,5.773908347879231,1.0612771711809537,0.06127717118095366,0.06127717118095366,6.127717118095366,0.00323,0.00323,0.00446,130.72043343653252,89.20358744394618,0.6823997220545965,0.7242152466367712,-0.27578475336322883,0.27578475336322883,27.57847533632288
Volde h = 2_2_T1-55_6 m_s-VLM1-0_0kg-x0_0m.txt,2.2,0.16923076923076924,0.0,0.422227,1.0,0.422227,0.400046,0.9474666470879408,-0.052533352912059184,0.052533352912059184,5.253335291205918,1.055446123695775,0.05544612369577506,0.05544612369577506,5.544612369577506,0.00323,0.00323,0.00437,130.72043343653252,91.54370709382152,0.7003014348041302,0.7391304347826086,-0.26086956521739135,0.26086956521739135,26.086956521739136
Volde h =2_6_T1-55_6 m_s-VLM1-0_0kg-x0_0m.txt,2.6,0.2,0.0,0.422227,1.0,0.422227,0.401962,0.9520044904755024,-0.047995509524497604,0.047995509524497604,4.79955095244976,1.050415213378379,0.050415213378379065,0.050415213378379065,5.0415213378379065,0.00323,0.00323,0.004289,130.72043343653252,93.71928188388901,0.7169443936199283,0.7530892982047096,-0.2469107017952904,0.2469107017952904,24.69107017952904
Volde h =3_0_T1-55_6 m_s-VLM1-0_0kg-x0_0m.txt,3.0,0.23076923076923078,0.0,0.422227,1.0,0.422227,0.403648,0.9559976031850166,-0.04400239681498341,0.04400239681498341,4.400239681498341,1.0460277271285874,0.04602772712858738,0.04602772712858738,4.602772712858738,0.00323,0.00323,0.004215,130.72043343653252,95.76465005931199,0.7325912831050068,0.7663107947805456,-0.23368920521945435,0.23368920521945435,23.368920521945434
Volde h = 0_T1-55_6 m_s-VLM1-0_0kg-x0_0m.txt,0.0,0.0,4.0,0.805396,1.0,0.805396,0.722401,0.8969513133911765,-0.10304868660882349,0.10304868660882349,10.304868660882349,1.114887714718003,0.11488771471800296,0.11488771471800296,11.488771471800296,0.011651,0.011651,0.018458,69.12677023431465,39.13755553147687,0.5661707526449561,0.6312168165565067,-0.36878318344349326,0.36878318344349326,36.878318344349324
Volde h = 0_5_T1-55_6 m_s-VLM1-0_0kg-x0_0m.txt,0.5,0.038461538461538464,4.0,0.805396,1.0,0.805396,0.738947,0.9174952445753394,-0.08250475542466063,0.08250475542466063,8.250475542466063,1.0899239052327163,0.08992390523271632,0.08992390523271632,8.99239052327163,0.011651,0.011651,0.017607,69.12677023431465,41.96893281081388,0.6071299536858794,0.6617254501050718,-0.3382745498949282,0.3382745498949282,33.82745498949282
Volde h = 0_75_T1-55_6 m_s-VLM1-0_0kg-x0_0m.txt,0.75,0.057692307692307696,4.0,0.805396,1.0,0.805396,0.74407,0.9238560906684413,-0.07614390933155868,0.07614390933155868,7.6143909331558675,1.0824196648164823,0.08241966481648233,0.08241966481648233,8.241966481648234,0.011651,0.011651,0.01726,69.12677023431465,43.10950173812282,0.6236296241238708,0.675028968713789,-0.32497103128621097,0.32497103128621097,32.4971031286211
Volde h = 1_T1-55_6 m_s-VLM1-0_0kg-x0_0m.txt,1.0,0.07692307692307693,4.0,0.805396,1.0,0.805396,0.748363,0.9291863878141933,-0.07081361218580673,0.07081361218580673,7.081361218580673,1.0762103417726425,0.07621034177264252,0.07621034177264252,7.621034177264252,0.011651,0.011651,0.016954,69.12677023431465,44.14079273327828,0.6385484608011777,0.6872124572372301,-0.3127875427627699,0.3127875427627699,31.278754276276988
Volde h = 1_4_T1-55_6 m_s-VLM1-0_0kg-x0_0m.txt,1.4,0.10769230769230768,4.0,0.805396,1.0,0.805396,0.754122,0.9363369075585177,-0.06366309244148227,0.06366309244148227,6.366309244148227,1.067991651218238,0.06799165121823791,0.06799165121823791,6.799165121823791,0.011651,0.011651,0.016526,69.12677023431465,45.632457945056274,0.6601271517587008,0.7050102868207673,-0.2949897131792327,0.2949897131792327,29.49897131792327
Volde h = 1_8_T1-55_6 m_s-VLM1-0_0kg-x0_0m.txt,1.8,0.13846153846153847,4.0,0.805396,1.0,0.805396,0.758931,0.9423078833269597,-0.057692116673040306,0.057692116673040306,5.769211667304031,1.0612242746705562,0.061224274670556245,0.061224274670556245,6.1224274670556245,0.011651,0.011651,0.016152,69.12677023431465,46.98681277860327,0.6797194866668158,0.7213348192174344,-0.27866518078256564,0.27866518078256564,27.866518078256565
Volde h = 2_2_T1-55_6 m_s-VLM1-0_0kg-x0_0m.txt,2.2,0.16923076923076924,4.0,0.805396,1.0,0.805396,0.763051,0.9474233793065772,-0.05257662069342284,0.05257662069342284,5.257662069342284,1.0554943247567987,0.05549432475679872,0.05549432475679872,5.549432475679872,0.011651,0.011651,0.015819,69.12677023431465,48.23636133763196,0.6977956755990221,0.736519375434604,-0.263480624565396,0.263480624565396,26.3480624565396
Volde h =2_6_T1-55_6 m_s-VLM1-0_0kg-x0_0m.txt,2.6,0.2,4.0,0.805396,1.0,0.805396,0.766635,0.9518733641587492,-0.048126635841250764,0.048126635841250764,4.812663584125076,1.0505599144312483,0.0505599144312483,0.0505599144312483,5.05599144312483,0.011651,0.011651,0.015518,69.12677023431465,49.40295141126433,0.7146717725102195,0.7508055161747648,-0.24919448382523524,0.24919448382523524,24.919448382523523
Volde h =3_0_T1-55_6 m_s-VLM1-0_0kg-x0_0m.txt,3.0,0.23076923076923078,4.0,0.805396,1.0,0.805396,0.769786,0.9557857252829663,-0.04421427471703365,0.04421427471703365,4.421427471703366,1.0462596098136365,0.046259609813636526,0.046259609813636526,4.625960981363653,0.011651,0.011651,0.015244,69.12677023431465,50.49763841511414,0.7305077069845081,0.7643007084754657,-0.23569929152453428,0.23569929152453428,23.56992915245343
Volde h = 0_T1-55_6 m_s-VLM1-0_0kg-x0_0m.txt,0.0,0.0,8.0,1.182753,1.0,1.182753,1.05974,0.8959943453958688,-0.10400565460413125,0.10400565460413125,10.400565460413125,1.116078472078057,0.116078472078057,0.116078472078057,11.6078472078057,0.024974,0.024974,0.039657,47.359373748698644,26.722646695413168,0.564252535035843,0.629750107168974,-0.37024989283102605,0.37024989283102605,37.024989283102606
Volde h = 0_5_T1-55_6 m_s-VLM1-0_0kg-x0_0m.txt,0.5,0.038461538461538464,8.0,1.182753,1.0,1.182753,1.084124,0.9166106532809472,-0.08338934671905285,0.08338934671905285,8.338934671905285,1.090975755540879,0.090975755540879,0.090975755540879,9.0975755540879,0.024974,0.024974,0.037811,47.359373748698644,28.67218534288964,0.6054173244568611,0.6604956229668615,-0.3395043770331385,0.3395043770331385,33.95043770331385
Volde h = 0_75_T1-55_6 m_s-VLM1-0_0kg-x0_0m.txt,0.75,0.057692307692307696,8.0,1.182753,1.0,1.182753,1.091714,0.9230278849430101,-0.07697211505698986,0.07697211505698986,7.697211505698986,1.0833908880897376,0.0833908880897376,0.0833908880897376,8.33908880897376,0.024974,0.024974,0.037062,47.359373748698644,29.45642436997464,0.621976644502907,0.6738438292590794,-0.3261561707409206,0.3261561707409206,32.615617074092064
Volde h = 1_T1-55_6 m_s-VLM1-0_0kg-x0_0m.txt,1.0,0.07692307692307693,8.0,1.182753,1.0,1.182753,1.098072,0.9284034790019556,-0.07159652099804437,0.07159652099804437,7.159652099804436,1.0771178939085961,0.07711789390859614,0.07711789390859614,7.711789390859614,0.024974,0.024974,0.036403,47.359373748698644,30.16432711589704,0.6369241129740637,0.6860423591462242,-0.31395764085377575,0.31395764085377575,31.395764085377575
Volde h = 1_4_T1-55_6 m_s-VLM1-0_0kg-x0_0m.txt,1.4,0.10769230769230768,8.0,1.182753,1.0,1.182753,1.106589,0.9356044753215592,-0.06439552467844079,0.06439552467844079,6.439552467844079,1.068827721945546,0.06882772194554598,0.06882772194554598,6.882772194554598,0.024974,0.024974,0.035478,47.359373748698644,31.190850668019618,0.6585993056733924,0.7039291955578104,-0.2960708044421896,0.2960708044421896,29.60708044421896
Volde h = 1_8_T1-55_6 m_s-VLM1-0_0kg-x0_0m.txt,1.8,0.13846153846153847,8.0,1.182753,1.0,1.182753,1.113692,0.9416099557557663,-0.05839004424423366,0.05839004424423366,5.839004424423367,1.0620108611716705,0.06201086117167054,0.06201086117167054,6.201086117167054,0.024974,0.024974,0.03467,47.359373748698644,32.12264205364868,0.678274215028685,0.7203345832131526,-0.2796654167868474,0.2796654167868474,27.96654167868474
Volde h = 2_2_T1-55_6 m_s-VLM1-0_0kg-x0_0m.txt,2.2,0.16923076923076924,8.0,1.182753,1.0,1.182753,1.119769,0.9467479685107542,-0.053252031489245844,0.053252031489245844,5.325203148924585,1.0562473152944938,0.05624731529449378,0.05624731529449378,5.624731529449378,0.024974,0.024974,0.033948,47.359373748698644,32.98482973960174,0.6964794322371738,0.735654530458348,-0.26434546954165195,0.26434546954165195,26.434546954165196
Volde h =2_6_T1-55_6 m_s-VLM1-0_0kg-x0_0m.txt,2.6,0.2,8.0,1.182753,1.0,1.182753,1.125053,0.9512155116072418,-0.048784488392758174,0.048784488392758174,4.878448839275817,1.0512864727261737,0.051286472726173704,0.051286472726173704,5.12864727261737,0.024974,0.024974,0.033297,47.359373748698644,33.788419377121066,0.7134473432104772,0.7500375409196024,-0.2499624590803976,0.2499624590803976,24.99624590803976
Volde h =3_0_T1-55_6 m_s-VLM1-0_0kg-x0_0m.txt,3.0,0.23076923076923078,8.0,1.182753,1.0,1.182753,1.1297,0.9551444807157539,-0.04485551928424614,0.04485551928424614,4.485551928424614,1.0469620253164558,0.04696202531645577,0.04696202531645577,4.696202531645577,0.024974,0.024974,0.032706,47.359373748698644,34.54106280193236,0.729339517562381,0.7635907784504372,-0.2364092215495628,0.2364092215495628,23.64092215495628
